artist,track,release,listened_at
Luke Christopher,I,"TMRW, TMRW",1777311173
Nothing More,GIVE IT TIME,CARNAL (Deluxe),1777310965
Baby Keem,trademark usa,The Melodic Blue,1777310698
BRKN LOVE,One In The Same,Black Box,1777310505
J. Cole,KOD,KOD,1777310303
Kingdom of Giants,Two Suns,Passenger,1777310075
Kendrick Lamar,Rich Spirit,Mr. Morale & the Big Steppers,1777309877
ScHoolboy Q,Gang Gang,CrasH Talk,1777309743
Sleep Token,Caramel,Even In Arcadia,1777309426
Sleep Token,Vore,Take Me Back to Eden,1777309102
Sace6,devotion,Limerence - EP,1777170348
Normandie / Bury Tomorrow feat. Dani Winter-Bates,Hourglass,Dopamine,1777170044
Baby Keem,HOUSE MONEY,CA$INO,1777169856
A$AP Rocky Feat. Brent Faiyaz,Stay Here 4 Life,Don't Be Dumb,1777169512
Before Today,Shallow Pockets,A Celebration of an Ending,1777169326
Loathe,Is It Really You?,I Let It In And It Took Everything,1777169040
Baby Keem,CA$INO,CA$INO,1777168782
Issues,Drink About It,Beautiful Oblivion,1777168581
Traceless,I'm Fine,Obsession - EP,1777149034
Siamese,Ocean Bed,Super Human,1777148798
Nevertel,SACRIFICE,Start Again,1777148627
Nate Vickers,Over & Over,Over & Over,1777148447
Dexter and The Moonrocks,Freakin’ Out,Freakin’ Out - Single,1777148230
Sleeping With Sirens,An Ending In Itself,An Ending In Itself - Single,1777148020
Motionless in White,Voices,Graveyard Shift,1777147801
Wyatt Flores,Stillwater,Welcome to the Plains,1777147576
Donots,We Got The Noise,Got The Noise,1777147354
GARZI / Memphis May Fire,GrowingUp,Much Better - Single,1777147032
The Neighbourhood,$TING,The Love Collection - Single,1776970791
Bring Me the Horizon,Teardrops,POST HUMAN: SURVIVAL HORROR,1776970574
FEVER 333,$wing,$wing - Single,1776970397
Twenty One Pilots,Nico and the Niners,Trench,1776970177
Highly Suspect,Ice Cold,The Midnight Demon Club,1776969982
Kiana Ledé,Mad at Me.,Mad At Me. - Single,1776969848
Nothing But Thieves,If I Were You,Moral Panic II - EP,1776969636
Aminé,Can’t Decide,Limbo,1776969479
Pierce the Veil,Chemical Kids and Mechanical Brides,A Flair for the Dramatic,1776969267
ALESTI / Wind Walkers,Flawed Design,Flawed Design - Single,1776968976
Wind Walkers,Almost Ecstasy,What If I Break?,1776968739
Wind Walkers,Hangfire,What If I Break?,1776968550
Wind Walkers,Dead Talk,What If I Break?,1776968359
Wind Walkers,The End Aesthetic,The End Aesthetic - Single,1776968129
Glass Animals,The Other Side of Paradise,How to Be a Human Being,1776967750
Starset,My Demons,Transmissions,1776967514
Windwaker,SIRENS,SIRENS,1776967304
Windwaker,Fractured State of Mind,Fractured State Of Mind,1776967089
Windwaker,Get Out,HYPERVIOLENCE,1776966916
Windwaker,Arcane,HYPERVIOLENCE (EXPANSION PACK),1776966708
Windwaker,Break The Rules,HYPERVIOLENCE,1776966510
21 Savage / Offset / Metro Boomin feat. Travis Scott,Ghostface Killers,Without Warning,1776966246
So Supa,Baked Chicken,Baked Chicken - EP,1776966110
Future / Metro Boomin feat. Travis Scott,Cinderella,WE DON'T TRUST YOU,1776965950
Atreyu,The Beautiful Dark of Life,The Beautiful Dark of Life,1776965766
Dayseeker,Crawl Back To My Coffin,Creature In The Black Night,1776965527
HARDY,TRUCK BED,the mockingbird & THE CROW,1776965365
BROCKHAMPTON,JUNKY,SATURATION II,1776964992
Tame Impala,"New Person, Same Old Mistakes",Currents,1776964647
Ski Mask the Slump God,Unbothered,Stokeley,1776964511
Rich the Kid,Bring It Back,Bring It Back - Single,1776964356
Vic Mensa,The Fire Next Time,The Autobiography (Deluxe),1776964136
Mountain,Mississippi Queen,Climbing!,1776963991
Foo Fighters,Making a Fire,Medicine at Midnight,1776958991
Drake feat. 2 Chainz / Big Sean,All Me,Nothing Was the Same (Deluxe),1776958725
The Neighbourhood feat. Skeme / OG Maco,NSTYNCT,#000000 & #FFFFFF,1776958458
Set It Off,Lonely Dance,Midnight,1776958272
Drake,Right Hand,Right Hand - Single,1776958095
Dayseeker,Crawl Back To My Coffin,Creature In The Black Night,1776957858
The Neighbourhood,Female Robbery,I Love You.,1776957661
Luke Christopher,1111,1111 - Single,1776957513
Pell,Too Much Of A Good Thing,Gravity,1776957347
Jason Aldean,Dirt Road Anthem,My Kinda Party,1776957123
The Word Alive,THANK YOU,MONOMANIA,1776956930
Sleep Token,Vore,Take Me Back to Eden,1776889165
Sleep Token,Caramel,Even In Arcadia,1776888874
Sleep Token,Are You Really Okay?,Take Me Back to Eden,1776885211
Sleep Token,Dark Signs,Sundowning (Deluxe),1776884952
Sleep Token,Emergence,Even In Arcadia,1776884584
Sleep Token,DYWTYLM,Take Me Back to Eden,1776884306
Sleep Token,Drag Me Under,Sundowning (Deluxe),1776884105
Sleep Theory,III,Afterglow,1776883763
Sleep Theory,Enough,Paper Hearts - EP,1776883559
Sleep Theory,stuck in my head,Afterglow,1776879372
Sleep Theory,Numb,Paper Hearts - EP,1776879161
Sleep Theory,Gravity,Afterglow,1776878937
Sleep Theory,Another Way,Paper Hearts - EP,1776878727
Sleep Theory,Words Are Worthless,Afterglow,1776878520
Sleep Theory,Fallout,Paper Hearts - EP,1776878329
Sleep Theory,Static,Afterglow,1776878128
Sleep Theory,Gone or Staying,Paper Hearts - EP,1776877927
Nevertel feat. Sleep Theory,Break the Silence,Start Again,1776877744
Sleep Theory,Paralyzed,Afterglow,1776877543
Sleep Theory,It's Over,Paper Hearts - EP,1776877322
Pierce the Veil,Caraphernelia,Selfish Machines,1776877049
Pierce the Veil,The Boy Who Could Fly,Selfish Machines,1776876741
Pierce the Veil,Southern Constellations,Selfish Machines,1776876675
J. Cole,Ocean Way (Bonus),The Fall-Off,1776865794
J. Cole,and the whole world is the Ville,The Fall-Off,1776865519
J. Cole,Quik Stop,The Fall-Off,1776865254
J. Cole,What If,The Fall-Off,1776864935
J. Cole,I Love Her Again,The Fall-Off,1776864603
J. Cole,Man Up Above,The Fall-Off,1776864304
J. Cole,Only You,The Fall-Off,1776864017
J. Cole,Life Sentence,The Fall-Off,1776863764
J. Cole,Old Dog,The Fall-Off,1776863562
J. Cole,The Villest,The Fall-Off,1776863292
J. Cole,The Fall-Off is Inevitable,The Fall-Off,1776863115
J. Cole,39 Intro,The Fall-Off,1776862749
J. Cole,Lonely at the Top (Bonus),The Fall-Off,1776862544
J. Cole,Bombs In The Ville/Hit The Gas,The Fall-Off,1776862298
J. Cole,The Let Out,The Fall-Off,1776862044
J. Cole,Drum n Bass,The Fall-Off,1776861789
J. Cole,WHO TF IZ U,The Fall-Off,1776861510
J. Cole,Bunce Road Blues,The Fall-Off,1776861199
J. Cole,Legacy,The Fall-Off,1776860963
J. Cole,Poor Thang,The Fall-Off,1776860673
J. Cole,Run A Train,The Fall-Off,1776860431
J. Cole,SAFETY,The Fall-Off,1776860112
J. Cole,Two Six,The Fall-Off,1776859916
J. Cole,29 Intro,The Fall-Off,1776859858
Drake,Search & Rescue,Search & Rescue - Single,1776858660
Issues,Drink About It,Beautiful Oblivion,1776858413
The Home Team,Slow Bloom,Slow Bloom (Deluxe),1776858208
Dexter and The Moonrocks,Freakin’ Out,Freakin’ Out - Single,1776857958
Sleeping With Sirens,An Ending In Itself,An Ending In Itself - Single,1776857747
Motionless in White,Voices,Graveyard Shift,1776857529
Wyatt Flores,Stillwater,Welcome to the Plains,1776857301
Bayside,Devotion and Desire,Bayside,1776635738
Save Us,Descend,EXIST - EP,1776523262
Siamese,B.A.N.A.N.A.S.,Super Human,1776523063
Dexter and The Moonrocks,Freakin’ Out,Freakin’ Out - Single,1776522845
Sleeping With Sirens,An Ending In Itself,An Ending In Itself - Single,1776522618
Motionless in White,Voices,Graveyard Shift,1776522399
Wyatt Flores,Stillwater,Welcome to the Plains,1776522174
Donots,We Got The Noise,Got The Noise,1776521960
Pierce the Veil,Caraphernelia,Selfish Machines,1776521624
Pierce the Veil,The Boy Who Could Fly,Selfish Machines,1776516198
Pierce the Veil,Southern Constellations,Selfish Machines,1776516133
Pierce the Veil,Southern Constellations,Selfish Machines,1776515992
Pierce the Veil,I'm Low on Gas and You Need a Jacket,Collide With the Sky,1776515712
Pierce the Veil,Dive In,Misadventures,1776515426
Issues,Drink About It,Beautiful Oblivion,1776384641
Dexter and The Moonrocks,Freakin’ Out,Freakin’ Out - Single,1776384281
Nerv,Still Breathing,We're All Patients Here,1776382214
Nerv,Not The One,I Need Help,1776319494
Nerv,Low,We're All Patients Here,1776106886
Nerv,Bad Habits,Bad Habits - EP,1776106645
Nerv,Still Breathing,We're All Patients Here,1776106454
Dayseeker,Crawl Back To My Coffin,Creature In The Black Night,1776106167
Dayseeker,Shapeshift,Creature In The Black Night,1776105926
Dayseeker,Dreamstate,Dark Sun,1776105715
Dayseeker,Sleeptalk,Sleeptalk (Deluxe),1776105497
Dayseeker,Soulburn,Creature In The Black Night,1776105320
The Devil Wears Prada feat. Dayseeker,Salt,Salt (feat. Dayseeker),1776105121
Dayseeker,Without Me,Dark Sun,1776104803
Dayseeker,Pale Moonlight,Pale Moonlight - Single,1776104589
Dayseeker,Creature In the Black Night,Creature In The Black Night,1776104367
Dayseeker,Crawl Back To My Coffin,Creature In The Black Night,1776104120
Rain City Drive,Cutting It Close,Rain City Drive (Deluxe Edition),1776103849
Rain City Drive,Frozen,Things Are Different Now,1776103641
Nate Vickers,Over & Over,Over & Over,1776102757
Nevertel,SACRIFICE,Start Again,1776102592
Honey Revenge,Airhead,Retrovision (Extended Edition),1776102425
Siamese,Ocean Bed,Super Human,1776092800
breakk.away,I’ll See You When The Night Comes,I’ll See You When the Night Comes,1776092508
Traceless,I'm Fine,Obsession - EP,1776089667
Issues,Drink About It,Beautiful Oblivion,1776089466
The Home Team,Slow Bloom,Slow Bloom (Deluxe),1776089276
Emarosa,Don't Cry,Peach Club,1776089082
Dexter and The Moonrocks,Freakin’ Out,Freakin’ Out - Single,1776088852
Sleeping With Sirens,An Ending In Itself,An Ending In Itself - Single,1776088413
Wyatt Flores,Stillwater,Welcome to the Plains,1776088174
Pierce the Veil,Yeah Boy and Doll Face,A Flair for the Dramatic,1775583237
Pierce the Veil,Circles,Misadventures,1775580758
Pierce the Veil,Even When I’m Not with You,The Jaws of Life,1775580493
Pierce the Veil,Bulls in the Bronx,Collide With the Sky,1775507435
Pierce the Veil,Phantom Power and Ludicrous Speed,Misadventures,1775507186
Pierce the Veil,So Far So Fake,The Jaws of Life,1775506918
Pierce The Veil feat. Kellin Quinn,King for a Day,Collide With the Sky,1775506670
Pierce the Veil,I'm Low on Gas and You Need a Jacket,Collide With the Sky,1775506389
Pierce the Veil,Song for Isabelle,Misadventures,1775483262
Pierce the Veil,Fast Times at Clairemont High,Selfish Machines,1775483040
Pierce the Veil,Kiss Me Now,Kiss Me Now - Single,1775482794
Pierce the Veil,Death of an Executioner,The Jaws of Life,1775482533
Pierce the Veil,One Hundred Sleepless Nights,Collide With the Sky,1775482317
Pierce the Veil,The Sky Under the Sea,Selfish Machines,1775482066
Pierce the Veil,Sambuka,Misadventures,1775481926
Pierce the Veil,Drella,A Flair for the Dramatic,1775481750
Pierce the Veil,The Jaws of Life,The Jaws of Life,1775481535
Pierce the Veil,Karma Police,Karma Police,1775481265
Pierce the Veil,The Boy Who Could Fly,Selfish Machines,1775480966
Pierce the Veil,Bedless,Misadventures,1775480698
Pierce the Veil,Pass the Nirvana,The Jaws of Life,1775480506
Pierce the Veil,Hell Above,Collide With the Sky,1775480190
Pierce the Veil,I Don't Care If You're Contagious,Selfish Machines,1775479984
Pierce the Veil,Stained Glass Eyes and Colorful Tears,Collide With the Sky,1775479779
Pierce the Veil,I'd Rather Die Than Be Famous,A Flair for the Dramatic,1775479606
Pierce the Veil,Dive In,Misadventures,1775476762
Pierce the Veil,A Match Into Water,Collide With the Sky,1775476552
Pierce the Veil,Today I Saw the Whole World,Misadventures,1775476322
Pierce the Veil,Bulls in the Bronx,Collide With the Sky,1775476041
Pierce the Veil,Caraphernelia,Selfish Machines,1775475784
Wyatt Flores,Stillwater,Welcome to the Plains,1775475520
Motionless in White,Voices,Graveyard Shift,1775339466
Wyatt Flores,Stillwater,Welcome to the Plains,1775339240
Pierce the Veil,Disasterology,Selfish Machines,1775324779
Pierce the Veil,I Don't Care If You're Contagious,Selfish Machines,1775324574
Pierce the Veil,The New National Anthem,Selfish Machines,1775324053
Pierce the Veil,Fast Times at Clairemont High,Selfish Machines,1775323811
Pierce the Veil,Caraphernelia,Selfish Machines,1775323542
Pierce the Veil,The Boy Who Could Fly,Selfish Machines,1775323194
Pierce the Veil,Southern Constellations,Selfish Machines,1775323126
Pierce the Veil,Caraphernelia,Selfish Machines,1775251551
Pierce the Veil,The Boy Who Could Fly,Selfish Machines,1775226097
Pierce the Veil,Southern Constellations,Selfish Machines,1775226032
Pierce the Veil,Besitos,Selfish Machines,1775225767
Wyatt Flores,Stillwater,Welcome to the Plains,1775222323
Dexter and The Moonrocks,Freakin’ Out,Freakin’ Out - Single,1775138435
Sleeping With Sirens,An Ending In Itself,An Ending In Itself - Single,1775138224
Motionless in White,Voices,Graveyard Shift,1775138006
Wyatt Flores,Stillwater,Welcome to the Plains,1775137781
jid feat. j. cole,off deez,DiCaprio 2,1774709959
Too Close to Touch,Sympathy,Haven't Been Myself,1774709634
A$AP Rocky,Lord Pretty Flacko Jodye 2 (LPFJ2),AT.LONG.LAST.A$AP,1774709514
The Neighbourhood,Void,Hard to Imagine the Neighbourhood Ever Changing,1774709232
Pierce the Veil,Death of an Executioner,The Jaws of Life,1774708962
Pierce the Veil,So Far So Fake,The Jaws of Life,1774708622
All Time Low feat. blackbear,Monsters,"Wake Up, Sunshine",1774708449
Memphis May Fire,Make Believe,Remade in Misery,1774708215
J. Cole,p r i d e . i s . t h e . d e v i l,The Off-Season,1774707994
JID feat. 21 Savage / Baby Tate,Surround Sound,The Forever Story,1774707719
AVOID,Midnight Six,Cult Mentality,1774707540
Sleep Token,Caramel,Even In Arcadia,1774707124
Pierce the Veil,So Far So Fake,The Jaws of Life,1774706894
Pierce the Veil,Stained Glass Eyes and Colorful Tears,Collide With the Sky,1774706686
Pierce the Veil,Phantom Power and Ludicrous Speed,Misadventures,1774706459
Pierce the Veil feat. Lindsey Stamey,Hold on Till May,Collide With the Sky,1774706079
Pierce the Veil,Disasterology,Selfish Machines,1774705876
Pierce the Veil,The First Punch,Collide With the Sky,1774703177
Pierce the Veil,The Boy Who Could Fly,Selfish Machines,1774702874
Honey Revenge,Airhead,Retrovision (Extended Edition),1774641110
Nevertel,SACRIFICE,Start Again,1774640954
Nate Vickers,Over & Over,Over & Over,1774640789
Kingdom of Giants,Two Suns,Passenger,1774640027
Siamese,Ocean Bed,Super Human,1774639799
breakk.away,I’ll See You When The Night Comes,I’ll See You When the Night Comes,1774639586
Issues,Drink About It,Beautiful Oblivion,1774639388
Traceless,I'm Fine,Obsession - EP,1774639388
Normandie / Bury Tomorrow feat. Dani Winter-Bates,Hourglass,Dopamine,1774638857
Sace6,devotion,Limerence - EP,1774638640
Get Scared,Don't You Dare Forget The Sun,"Built For Blame, Laced With Shame - EP",1774638454
The Home Team,Slow Bloom,Slow Bloom (Deluxe),1774638297
A$AP Rocky,STOLE YA FLOW,Don't Be Dumb,1774638074
Emarosa,Don't Cry,Peach Club,1774637872
Save Us,Descend,EXIST - EP,1774637628
Siamese,B.A.N.A.N.A.S.,Super Human,1774637628
Dexter and The Moonrocks,Freakin’ Out,Freakin’ Out - Single,1774637206
Sleeping With Sirens,An Ending In Itself,An Ending In Itself - Single,1774636996
Motionless in White,Voices,Graveyard Shift,1774636777
Traceless,I'm Fine,Obsession - EP,1774554240
Emarosa,Don't Cry,Peach Club,1774554058
A$AP Rocky,STOLE YA FLOW,Don't Be Dumb,1774553862
Issues,Drink About It,Beautiful Oblivion,1774553662
Nate Vickers,Over & Over,Over & Over,1774553432
Siamese,Ocean Bed,Super Human,1774553432
Nevertel,SACRIFICE,Start Again,1774553087
Dexter and The Moonrocks,Freakin’ Out,Freakin’ Out - Single,1774552869
Motionless in White,Voices,Graveyard Shift,1774552659
Sleeping With Sirens,An Ending In Itself,An Ending In Itself - Single,1774552659
Motionless in White,Voices,Graveyard Shift,1774548580
Don Toliver,ATM,Octane,1774540067
Save Us,Descend,EXIST - EP,1774539852
Siamese,B.A.N.A.N.A.S.,Super Human,1774539654
The Home Team,Slow Bloom,Slow Bloom (Deluxe),1774539497
Traceless,I'm Fine,Obsession - EP,1774539299
Emarosa,Don't Cry,Peach Club,1774539117
A$AP Rocky,STOLE YA FLOW,Don't Be Dumb,1774538922
Issues,Drink About It,Beautiful Oblivion,1774538722
Siamese,Ocean Bed,Super Human,1774538492
Nate Vickers,Over & Over,Over & Over,1774538312
Nevertel,SACRIFICE,Start Again,1774538147
Dexter and The Moonrocks,Freakin’ Out,Freakin’ Out - Single,1774537930
Sleeping With Sirens,An Ending In Itself,An Ending In Itself - Single,1774537930
Motionless in White,Voices,Graveyard Shift,1774537500
Motionless in White,Voices,Graveyard Shift,1774526506
Emarosa,Don't Cry,Peach Club,1774481164
Save Us,Descend,EXIST - EP,1774480994
Don Toliver,ATM,Octane,1774480994
Siamese,B.A.N.A.N.A.S.,Super Human,1774480581
Written by Wolves,Genius,Genius - Single,1774480374
Dexter and The Moonrocks,Freakin’ Out,Freakin’ Out - Single,1774480158
Sleeping With Sirens,An Ending In Itself,An Ending In Itself - Single,1774479947
Motionless in White,Voices,Graveyard Shift,1774479728
Sleep Token,Fall For Me,This Place Will Become Your Tomb,1774368521
Sleep Token,Emergence,Even In Arcadia,1774368147
Sleep Token,Rain,Take Me Back to Eden,1774367914
Sleep Token,Sugar,Sundowning (Deluxe),1774367628
Sleep Token,Alkaline,This Place Will Become Your Tomb,1774367419
Sleep Token,Damocles,Even In Arcadia,1774367153
Sleep Token,Ascensionism,Take Me Back to Eden,1774366729
Sleep Token,The Night Does Not Belong to God,Sundowning (Deluxe),1774366430
Sleep Token,Caramel,Even In Arcadia,1774366146
Sleep Token,The Apparition,Take Me Back to Eden,1774365894
Asking Alexandria,Psycho,Where Do We Go From Here?,1774365668
Sleep Token,Provider,Even In Arcadia,1774365435
Sace6,devotion,Limerence - EP,1774364662
Get Scared,Don't You Dare Forget The Sun,"Built For Blame, Laced With Shame - EP",1774364476
A$AP Rocky,STOLE YA FLOW,Don't Be Dumb,1774364319
The Home Team,Slow Bloom,Slow Bloom (Deluxe),1774364319
Chase Atlantic,Swim,Chase Atlantic,1774364124
A$AP Rocky,STOLE YA FLOW,Don't Be Dumb,1774364124
Emarosa,Don't Cry,Peach Club,1774363722
Don Toliver,ATM,Octane,1774363551
Save Us,Descend,EXIST - EP,1774363336
Siamese,B.A.N.A.N.A.S.,Super Human,1774363138
Written by Wolves,Genius,Genius - Single,1774362932
Dexter and The Moonrocks,Freakin’ Out,Freakin’ Out - Single,1774362715
Sleeping With Sirens,An Ending In Itself,An Ending In Itself - Single,1774362505
Motionless in White,Voices,Graveyard Shift,1774361063
Written by Wolves,Genius,Genius - Single,1774035084
JID Feat. Baby Kia,On McAfee,God Does Like Ugly,1774034917
"Tyler, The Creator",OKRA,OKRA - Single,1774034705
Eminem Feat. JID,Fuel,The Death of Slim Shady (Coup de Grâce),1774034705
Baby Keem feat. Kendrick Lamar,range brothers,The Melodic Blue,1774034560
"Tyler, The Creator",OKRA,OKRA - Single,1774034560
Sleeping With Sirens,An Ending In Itself,An Ending In Itself - Single,1774033973
Young Thug feat. Meek Mill / T-Shyne,That Go!,Slime Language 2,1774026101
SZA feat. Travis Scott,Love Galore,Ctrl,1774025829
Ari Lennox feat. Omen / Ty Dolla $ign / Dreezy,Got Me,Revenge of the Dreamers III,1774025550
Holywatr feat. juuku,Without u (rock demo),Psalms,1774025397
Sleeping With Sirens,An Ending In Itself,An Ending In Itself - Single,1774025187
Def Rebel feat. Motionless In White,WWE: Demon In Your Dreams (Rhea Ripley),WWE: Demon In Your Dreams (Rhea Ripley) (feat. Motionless In White) - Single,1774021578
Royale Lynn feat. Danny Worsnop,Death Wish,Death Wish - Single,1774021439
PARTYNEXTDOOR feat. Trippie Redd,Excitement,Excitement - Single,1774021156
SZA feat. Travis Scott,Love Galore,Ctrl,1774020885
SZA feat. Kendrick Lamar,30 For 30,SOS Deluxe: LANA,1774020610
Fox Lake feat. AVOID,Freestyle,New World Heat,1774020460
Nate Vickers,Over & Over,Over & Over,1774020460
Nevertel,SACRIFICE,Start Again,1774020115
Honey Revenge,Airhead,Retrovision (Extended Edition),1774019960
Kingdom of Giants,Two Suns,Passenger,1774019734
Siamese,Ocean Bed,Super Human,1774019505
breakk.away,I’ll See You When The Night Comes,I’ll See You When the Night Comes,1774019292
Issues,Drink About It,Beautiful Oblivion,1774019095
Traceless,I'm Fine,Obsession - EP,1774019095
Get Scared,Don't You Dare Forget The Sun,"Built For Blame, Laced With Shame - EP",1774017960
The Home Team,Slow Bloom,Slow Bloom (Deluxe),1774017766
Lil Uzi Vert,What You Saying,What You Saying - Single,1774017604
A$AP Rocky,STOLE YA FLOW,Don't Be Dumb,1774017472
Chase Atlantic,Swim,Chase Atlantic,1774017273
Don Toliver,ATM,Octane,1774017044
Emarosa,Don't Cry,Peach Club,1774016864
Dexter and The Moonrocks,Freakin’ Out,Freakin’ Out - Single,1774016664
Loathe,Is It Really You?,I Let It In And It Took Everything,1774013142
The Home Team,Slow Bloom,Slow Bloom (Deluxe),1774012985
Emarosa,Don't Cry,Peach Club,1774012799
Chase Atlantic,Swim,Chase Atlantic,1773973652
Emarosa,Don't Cry,Peach Club,1773973470
Dexter and The Moonrocks,Freakin’ Out,Freakin’ Out - Single,1773973223
Dexter and The Moonrocks,Freakin’ Out,Freakin’ Out - Single,1773884621
Emarosa,Don't Cry,Peach Club,1773884318
Traceless,I'm Fine,Obsession - EP,1773860739
Nevertel,SACRIFICE,Start Again,1773860573
Nate Vickers,Over & Over,Over & Over,1773860334
Siamese,Ocean Bed,Super Human,1773860105
Issues,Drink About It,Beautiful Oblivion,1773859904
Before Today,Shallow Pockets,A Celebration of an Ending,1773859718
Baby Keem,HOUSE MONEY,CA$INO,1773859504
Normandie / Bury Tomorrow feat. Dani Winter-Bates,Hourglass,Dopamine,1773859205
Doechii / SZA,"girl, get up.","girl, get up. - Single",1773859087
Sace6,devotion,Limerence - EP,1773858887
Get Scared,Don't You Dare Forget The Sun,"Built For Blame, Laced With Shame - EP",1773858701
The Home Team,Slow Bloom,Slow Bloom (Deluxe),1773858544
Emarosa,Don't Cry,Peach Club,1773858362
Save Us,Descend,EXIST - EP,1773858141
A$AP Rocky,STOLE YA FLOW,Don't Be Dumb,1773857946
Siamese,B.A.N.A.N.A.S.,Super Human,1773857745
Dexter and The Moonrocks,Freakin’ Out,Freakin’ Out - Single,1773857500
Nate Vickers,Over & Over,Over & Over,1773843422
Traceless,I'm Fine,Obsession - EP,1773843220
Issues,Drink About It,Beautiful Oblivion,1773843017
Emarosa,Don't Cry,Peach Club,1773842826
Dexter and The Moonrocks,Freakin’ Out,Freakin’ Out - Single,1773842539
Sace6,devotion,Limerence - EP,1773836240
Get Scared,Don't You Dare Forget The Sun,"Built For Blame, Laced With Shame - EP",1773836054
The Home Team,Slow Bloom,Slow Bloom (Deluxe),1773835897
Emarosa,Don't Cry,Peach Club,1773835706
Siamese,Ocean Bed,Super Human,1773793671
Nate Vickers,Over & Over,Over & Over,1773793490
Issues,Drink About It,Beautiful Oblivion,1773793290
Dexter and The Moonrocks,Freakin’ Out,Freakin’ Out - Single,1773793072
Dexter and The Moonrocks,Freakin’ Out,Freakin’ Out - Single,1773711367
Sace6,devotion,Limerence - EP,1773685465
Get Scared,Don't You Dare Forget The Sun,"Built For Blame, Laced With Shame - EP",1773685279
The Home Team,Slow Bloom,Slow Bloom (Deluxe),1773685122
Emarosa,Don't Cry,Peach Club,1773684940
Save Us,Descend,EXIST - EP,1773684689
Siamese,B.A.N.A.N.A.S.,Super Human,1773684490
Dexter and The Moonrocks,Freakin’ Out,Freakin’ Out - Single,1773684264
Dexter and The Moonrocks,Freakin’ Out,Freakin’ Out - Single,1773589270
Nevertel,SACRIFICE,Start Again,1773587374
Siamese,Ocean Bed,Super Human,1773587111
Nate Vickers,Over & Over,Over & Over,1773582210
Issues,Drink About It,Beautiful Oblivion,1773581929
Siamese,Ocean Bed,Super Human,1773535505
Nate Vickers,Over & Over,Over & Over,1773535325
Traceless,I'm Fine,Obsession - EP,1773535116
Issues,Drink About It,Beautiful Oblivion,1773534909
Sace6,devotion,Limerence - EP,1773444977
Nevertel,SACRIFICE,Start Again,1773444793
Honey Revenge,Airhead,Retrovision (Extended Edition),1773444638
Siamese,Ocean Bed,Super Human,1773444409
Traceless,I'm Fine,Obsession - EP,1773444212
Issues,Drink About It,Beautiful Oblivion,1773444011
Nate Vickers,Over & Over,Over & Over,1773443792
Of Virtue,Cut Me Open,Cut Me Open,1773352024
Slipknot,Wait and Bleed,Slipknot,1773351840
The Ghost Inside,Wash It Away,Wash It Away,1773351613
Bring Me the Horizon,Top 10 staTues tHat CriEd bloOd,POST HUMAN: NeX GEn,1773351393
Windwaker,SIRENS,SIRENS,1773351185
I Prevail,The Negative,True Power,1773351047
Slipknot,Duality,Vol. 3: The Subliminal Verses,1773350797
Dayseeker,Without Me,Dark Sun,1773350579
Motionless in White,Werewolf,Scoring the End of the World,1773340896
Eva Under Fire feat. Spencer Charnas,Blow,"Love, Drugs & Misery",1773340735
The Plot in You,Been Here Before,Been Here Before,1773340475
Motionless in White,Brand New Numb,Disguise,1773340254
Bring Me the Horizon,Sleepwalking,Sempiternal (Expanded Edition),1773340029
The Plot in You,Divide,Divide - Single,1773339828
Dead Rabbitts feat. Escape the Fate / Lauren Babic / Judge & Jury,Mistake,Mistake,1773339518
Asking Alexandria,Let Go,Where Do We Go From Here?,1773339271
Invent Animate,Sleepless Deathbed,Sleepless Deathbed,1773339047
Denzel Curry / LAZER DIM 700 / Bktherula,STILL IN THE PAINT,STILL IN THE PAINT,1773253772
Issues,Drink About It,Beautiful Oblivion,1773253528
Traceless,I'm Fine,Obsession - EP,1773253331
Nate Vickers,Over & Over,Over & Over,1773253152
Nevertel,SACRIFICE,Start Again,1773252986
Honey Revenge,Airhead,Retrovision (Extended Edition),1773252831
Normandie / Bury Tomorrow feat. Dani Winter-Bates,Hourglass,Dopamine,1773252533
Siamese,Ocean Bed,Super Human,1773252246
breakk.away,I’ll See You When The Night Comes,I’ll See You When the Night Comes,1773238285
Traceless,I'm Fine,Obsession - EP,1773238088
Issues,Drink About It,Beautiful Oblivion,1773237887
Before Today,Shallow Pockets,A Celebration of an Ending,1773237670
Sace6,devotion,Limerence - EP,1773237451
Get Scared,Don't You Dare Forget The Sun,"Built For Blame, Laced With Shame - EP",1773237265
The Home Team,Slow Bloom,Slow Bloom (Deluxe),1773237108
Emarosa,Don't Cry,Peach Club,1773236914
Save Us,Descend,EXIST - EP,1773236677
Siamese,B.A.N.A.N.A.S.,Super Human,1773236466
Siamese,Ocean Bed,Super Human,1773181145
Nate Vickers,Over & Over,Over & Over,1773180965
Traceless,I'm Fine,Obsession - EP,1773180767
Sace6,devotion,Limerence - EP,1773180565
Get Scared,Don't You Dare Forget The Sun,"Built For Blame, Laced With Shame - EP",1773180379
The Home Team,Slow Bloom,Slow Bloom (Deluxe),1773180222
Lil Uzi Vert,What You Saying,What You Saying - Single,1773180094
A$AP Rocky,STOLE YA FLOW,Don't Be Dumb,1773179898
Chase Atlantic,Swim,Chase Atlantic,1773179678
Emarosa,Don't Cry,Peach Club,1773179496
Don Toliver,ATM,Octane,1773179325
Save Us,Descend,EXIST - EP,1773179110
Siamese,B.A.N.A.N.A.S.,Super Human,1773178911
Dance Gavin Dance,And I Told Them I Invented Times New Roman,Downtown Battle Mountain,1773171849
Drake,Know Yourself,If You're Reading This It's Too Late,1773171345
jid feat. j. cole,off deez,DiCaprio 2,1773171141
LØLØ,faceplant,faceplant - Single,1773170983
The Smashing Pumpkins,Beguiled,Atum,1773170590
ScHoolboy Q feat. Az Chike,Movie,Blue Lips,1773170459
Rain City Drive feat. Dayseeker,Medicate Me,Things Are Different Now,1773170248
Memphis May Fire feat. Blindside,OVERDOSE,Overdose (feat. Blindside) - Single,1773170066
Def Rebel feat. Motionless In White,WWE: Demon In Your Dreams (Rhea Ripley),WWE: Demon In Your Dreams (Rhea Ripley) (feat. Motionless In White) - Single,1773169933
Royale Lynn feat. Danny Worsnop,Death Wish,Death Wish - Single,1773169793
PARTYNEXTDOOR feat. Trippie Redd,Excitement,Excitement - Single,1773169510
SZA feat. Travis Scott,Love Galore,Ctrl,1773169239
SZA feat. Kendrick Lamar,30 For 30,SOS Deluxe: LANA,1773168964
Baby Keem,CA$INO,CA$INO,1773168707
Doechii / SZA,"girl, get up.","girl, get up. - Single",1773168524
A$AP Rocky,STOLE YA FLOW,Don't Be Dumb,1773168329
Lil Uzi Vert,What You Saying,What You Saying - Single,1773168200
Before Today,Shallow Pockets,A Celebration of an Ending,1773167992
Issues,Drink About It,Beautiful Oblivion,1773167790
breakk.away,I’ll See You When The Night Comes,I’ll See You When the Night Comes,1773167577
Honey Revenge,Airhead,Retrovision (Extended Edition),1773167420
Nate Vickers,Over & Over,Over & Over,1773167241
Nevertel,SACRIFICE,Start Again,1773167075
Traceless,I'm Fine,Obsession - EP,1773166879
Kingdom of Giants,Two Suns,Passenger,1773165881
A$AP Rocky Feat. Brent Faiyaz,Stay Here 4 Life,Don't Be Dumb,1773165538
Baby Keem,HOUSE MONEY,CA$INO,1773165348
Loathe,Is It Really You?,I Let It In And It Took Everything,1773165062
Normandie / Bury Tomorrow feat. Dani Winter-Bates,Hourglass,Dopamine,1773151343
Sace6,devotion,Limerence - EP,1773151142
Get Scared,Don't You Dare Forget The Sun,"Built For Blame, Laced With Shame - EP",1773150956
The Home Team,Slow Bloom,Slow Bloom (Deluxe),1773150799
Chase Atlantic,Swim,Chase Atlantic,1773150579
Emarosa,Don't Cry,Peach Club,1773150397
Don Toliver,ATM,Octane,1773150226
Save Us,Descend,EXIST - EP,1773149745
Siamese,Ocean Bed,Super Human,1773149517
Siamese,B.A.N.A.N.A.S.,Super Human,1773149227
Written by Wolves,Genius,Genius - Single,1773149020
"A$AP Mob feat. A$AP Rocky / Tyler, The Creator / Playboi Carti / Yung Gleesh",Telephone Calls,"Cozy Tapes, Vol. 1: Friends",1773110145
A$AP Rocky,Sundress,Sundress,1773109995
A$AP Rocky,STOLE YA FLOW,Don't Be Dumb,1773109800
A$AP Rocky Feat. Brent Faiyaz,Stay Here 4 Life,Don't Be Dumb,1773109454
A$AP Rocky,Babushka Boi,Babushka boi - single,1773109104
J. Cole,BRACKETS,KOD,1772996801
Ari Lennox feat. Omen / Ty Dolla $ign / Dreezy,Got Me,Revenge of the Dreamers III,1772991704
Future / Metro Boomin,Like That,WE DON'T TRUST YOU,1772991450
Metro Boomin feat. Future / Chris Brown,Superhero (Heroes & Villains),HEROES & VILLAINS,1772991267
Sleep Theory,Static,Afterglow,1772847700
Sleep Theory,III,Afterglow,1772847523
Sleep Theory,It's Over,Paper Hearts - EP,1772847299
Pierce the Veil,Death of an Executioner,The Jaws of Life,1772846995
Sleep Token,Rain,Take Me Back to Eden,1772846755
Sleeping With Sirens,Ghost,How It Feels to Be Lost (Deluxe),1772834354
Bring Me the Horizon,Kool-Aid,Kool-Aid,1772832857
Sleeping With Sirens feat. Underoath / Spencer Chamberlain,Crosses,Complete Collapse (Deluxe),1772824527
Bring Me the Horizon,Top 10 staTues tHat CriEd bloOd,POST HUMAN: NeX GEn,1772824290
Bring Me the Horizon feat. Aurora,liMOusIne,POST HUMAN: NeX GEn,1772824041
Bring Me the Horizon,sTraNgeRs,sTraNgeRs - Single,1772823846
Pierce the Veil,Sambuka,Misadventures,1772823706
Sleep Theory,Static,Afterglow,1772823504
Sleep Token,Caramel,Even In Arcadia,1772823221
Bring Me the Horizon,Parasite Eve,Parasite Eve - Single,1772822934
Sleep Token,DYWTYLM,Take Me Back to Eden,1772822699
Bring Me the Horizon,Doomed,That's the Spirit,1772822430
Sleep Token,Aqua Regia,Take Me Back to Eden,1772822203
Bring Me the Horizon,R.i.p. (duskCOre RemIx),POST HUMAN: NeX GEn,1772822002
SLANDER / blackbear / Bring Me The Horizon,Wish I Could Forget,Wish I Could Forget - Single,1772821804
Pierce the Veil,Shared Trauma,The Jaws of Life,1772821564
Pierce the Veil,Fast Times at Clairemont High,Selfish Machines,1772821332
Sleeping With Sirens,You Kill Me (In a Good Way),With Ears to See and Eyes to Hear,1772821013
Pierce the Veil,Floral & Fading,Misadventures,1772820818
Bring Me the Horizon,LosT,LosT - Single,1772820569
Pierce the Veil,The Boy Who Could Fly,Selfish Machines,1772820269
Pierce the Veil,Props & Mayhem,Collide With the Sky,1772820016
Sleeping With Sirens,Your Nickle Ain't Worth My Dime,Let's Cheers to This,1772819855
Sleeping With Sirens,The Bomb Dot Com v2.0,With Ears to See and Eyes to Hear,1772819648
Sleeping With Sirens,"If I'm James Dean, You're Audrey Hepburn",With Ears to See and Eyes to Hear,1772819433
Sleeping With Sirens,"In Case of Emergency, Dial 411",With Ears to See and Eyes to Hear,1772819276
Sleeping With Sirens feat. Benji Madden,Never Enough,How It Feels to Be Lost (Deluxe),1772819059
Pierce the Veil feat. Jason Butler,Tangled in the Great Escape,Collide With the Sky,1772818783
Bring Me the Horizon,DiE4u,DiE4u - Single,1772816867
Sleeping With Sirens,How It Feels to Be Lost,How It Feels to Be Lost (Deluxe),1772816658
Bring Me the Horizon,Happy Song,That's the Spirit,1772816408
Pierce the Veil,Dive In,Misadventures,1772816116
Sleeping With Sirens,If You Can't Hang,Let's Cheers to This,1772815862
Sleep Token,Euclid,Take Me Back to Eden,1772815562
Machine Gun Kelly feat. Bring Me The Horizon,maybe,mainstream sellout,1772815397
Bring Me the Horizon,Throne,That's the Spirit,1772815208
Sleep Theory,III,Afterglow,1772815028
Sleeping With Sirens,Family Tree,Complete Collapse (Deluxe),1772814785
Bring Me the Horizon,why you gotta kick me when i'm down?,amo,1772814527
Pierce the Veil,Bedless,Misadventures,1772814257
Sleep Token,Mine,This Place Will Become Your Tomb,1772813968
Sleeping With Sirens,"With Ears to See, and Eyes to Hear",With Ears to See and Eyes to Hear,1772813733
Pierce the Veil,The Sky Under the Sea,Selfish Machines,1772813475
Pierce the Veil,Caraphernelia,Selfish Machines,1772813221
Pierce the Veil,Circles,Misadventures,1772813022
Pierce the Veil,I'd Rather Die Than Be Famous,A Flair for the Dramatic,1772812822
Bring Me the Horizon,Run,That's the Spirit,1772812609
Pierce the Veil,Today I Saw the Whole World,Misadventures,1772812393
Pierce the Veil,I Don't Care If You're Contagious,Selfish Machines,1772812195
Sleep Token,Look to Windward,Even In Arcadia,1772811736
Bring Me the Horizon,Ludens,POST HUMAN: SURVIVAL HORROR,1772811468
Pierce the Veil,The Jaws of Life,The Jaws of Life,1772811252
Bring Me the Horizon,Sleepwalking,Sempiternal (Expanded Edition),1772811014
Sleep Token,Dangerous,Even In Arcadia,1772810778
Sleep Theory,Gone or Staying,Paper Hearts - EP,1772810575
Bring Me the Horizon,sugar honey ice & tea,amo,1772810305
Pierce the Veil,Flawless Execution,The Jaws of Life,1772810078
Sleep Token,Say That You Will,Sundowning (Deluxe),1772809773
Bring Me the Horizon,Drown,That's the Spirit,1772809553
Sleep Theory,Another Way,Paper Hearts - EP,1772809335
Bring Me the Horizon,DArkSide,DArkSide - Single,1772809172
Sleep Theory,It's Over,Paper Hearts - EP,1772808952
Bring Me the Horizon feat. Nova Twins,1x1,POST HUMAN: SURVIVAL HORROR,1772808744
Pierce the Veil,Texas Is Forever,Misadventures,1772808434
Bring Me the Horizon,True Friends,That's the Spirit,1772808208
Pierce the Veil,I'm Low on Gas and You Need a Jacket,Collide With the Sky,1772807960
Sleep Theory,Gravity,Afterglow,1772807486
Sleeping With Sirens,A Trophy Fathers Trophy Son,Let's Cheers to This,1772807264
Sleeping With Sirens,Dying to Believe,How It Feels to Be Lost (Deluxe),1772807056
Lil Uzi Vert feat. Bring Me The Horizon,Werewolf,Pink Tape,1772806823
Pierce the Veil,Karma Police,Karma Police,1772806502
The Neighbourhood,Devil's Advocate,Chip Chrome & The Mono-Tones,1772763891
The Neighbourhood,Daddy Issues,Wiped Out!,1772763645
The Neighbourhood,Scary Love,Hard to Imagine the Neighbourhood Ever Changing,1772763426
The Neighbourhood,Hula Girl,(((((ultraSOUND))))),1772715971
The Neighbourhood,Scary Love,Hard to Imagine the Neighbourhood Ever Changing,1772715744
The Neighbourhood,Daisy Chain,(((((ultraSOUND))))),1772677923
The Neighbourhood,Cry Baby,Wiped Out!,1772677659
The Neighbourhood,Silver Lining,Chip Chrome & The Mono-Tones,1772677487
The Neighbourhood,Paradise,Hard to Imagine the Neighbourhood Ever Changing,1772677270
SZA feat. Travis Scott,Love Galore,Ctrl,1772548740
Highly Suspect,Natural Born Killer,The Midnight Demon Club,1772548483
PARTYNEXTDOOR feat. Trippie Redd,Excitement,Excitement - Single,1772505452
Nevertel,Some Things,Start Again,1772504974
Little Big Town,"Wine, Beer, Whiskey",Nightfall,1772504785
JID feat. EARTHGANG,Can’t Punk Me,The Forever Story,1772504584
PARTYNEXTDOOR feat. Trippie Redd,Excitement,Excitement - Single,1772504229
The Neighbourhood,Blue,Hard to Imagine the Neighbourhood Ever Changing,1772503441
Sleeping With Sirens feat. Charlotte Sands,Let You Down,Complete Collapse (Deluxe),1772420402
Sleeping With Sirens,Kick Me,Madness (Deluxe Edition),1772420255
Sleeping With Sirens,Break Me Down,How It Feels to Be Lost (Deluxe),1772420071
Sleeping With Sirens,Fly,Madness (Deluxe Edition),1772419865
Sleeping With Sirens,Agree to Disagree,How It Feels to Be Lost (Deluxe),1772419689
Sleeping With Sirens,Talking to Myself,How It Feels to Be Lost (Deluxe),1772419503
Sleeping With Sirens,If You Can't Hang,Let's Cheers to This,1772419257
Sleeping With Sirens,Ghost,How It Feels to Be Lost (Deluxe),1772419060
Sleeping With Sirens,"If I'm James Dean, You're Audrey Hepburn",With Ears to See and Eyes to Hear,1772418834
Sleeping With Sirens,Better Off Dead,Madness (Deluxe Edition),1772418642
Sleeping With Sirens,A Trophy Fathers Trophy Son,Let's Cheers to This,1772418420
Highly Suspect,16,MCID,1772418108
Highly Suspect,Midnight Demon Club,The Midnight Demon Club,1772417868
Highly Suspect,Lydia,Mister Asylum,1772417629
Pierce the Veil,Shared Trauma,The Jaws of Life,1772417389
Pierce the Veil,So Far So Fake,The Jaws of Life,1772417131
Soundgarden,Black Hole Sun,Live On I-5,1772391445
Khalid,Location,American Teen,1772391233
DEAD POET SOCIETY,.intoodeep.,-!- (deluxe),1772391016
You Me at Six,Deep Cuts,DEEP CUTS - Single,1772390794
ALESTI / Wind Walkers,Flawed Design,Flawed Design - Single,1772390496
Betcha,July,July - Single,1772390289
Pierce the Veil,Today I Saw the Whole World,Misadventures,1772390072
Sleeping With Sirens,"If I'm James Dean, You're Audrey Hepburn",With Ears to See and Eyes to Hear,1772389857
Drake feat. Quavo / Travis Scott,Portland,More Life,1772378343
Dead Rabbitts feat. Escape the Fate / Lauren Babic / Judge & Jury,Mistake,Mistake,1772378136
Dylan Marlowe / Dylan Scott,Boys Back Home,Boys Back Home,1772377977
Future / Metro Boomin,Like That,WE DON'T TRUST YOU,1772377722
Future / Metro Boomin,GTA,WE DON'T TRUST YOU,1772375077
Slaves,My Soul Is Empty And Full Of White Girls,Through Art We Are All Equals,1772335219
Slaves,True Colors,Beautiful Death,1772334980
Nerv,Blue,I Need Help,1772334769
Slaves,I'd Rather See Your Star Explode,Beautiful Death,1772334509
Rain City Drive,Frozen,Things Are Different Now,1772334284
Zach Bryan,Blue Jean Baby,Blue Jean Baby,1772333957
Zach Bryan,Nine Ball,Boys Of Faith - EP,1772333820
Zach Bryan,Something in the Orange (Z&E's Version),American Heartbreak,1772333634
Zach Bryan,Blue Jean Baby,Blue Jean Baby,1772333380
Zach Bryan,Motorcycle Drive By,Summertime Blues,1772333248
Noah Kahan,Maine,Cape Elizabeth,1772333086
Noah Kahan,Glue Myself Shut,Cape Elizabeth,1772332853
Noah Kahan,False Confidence,Busyhead,1772332657
Noah Kahan,Homesick,Stick Season,1772332434
Noah Kahan,Orange Juice,Stick Season,1772332239
Noah Kahan,"Everywhere, Everything",Stick Season,1772331942
Noah Kahan,She Calls Me Back,Stick Season,1772331684
Noah Kahan,All My Love,Stick Season,1772331440
Noah Kahan,Stick Season,Stick Season,1772331189
Noah Kahan,Northern Attitude,Stick Season,1772331006
Noah Kahan,You’re Gonna Go Far,Stick Season (We'll All Be Here Forever),1772330739
Noah Kahan,Paul Revere,Stick Season (We'll All Be Here Forever),1772330453
Noah Kahan,Dial Drunk,Stick Season (We'll All Be Here Forever),1772330239
Noah Kahan,Part of Me,I Was / I Am,1772330019
Zach Bryan feat. Noah Kahan,Sarah's Place,Boys Of Faith - EP,1772329780
Zach Bryan,Nine Ball,Boys Of Faith - EP,1772329565
Zach Bryan,Dear Miss,Dear Miss,1772329396
Zach Bryan,28,The Great American Bar Scene,1772329206
Zach Bryan,Pink Skies,Pink Skies,1772328972
Zach Bryan feat. The Lumineers,Spotless,Zach Bryan,1772328777
Zach Bryan,Tourniquet,Zach Bryan,1772328608
Zach Bryan feat. Kacey Musgraves,I Remember Everything,Zach Bryan,1772328418
Zach Bryan feat. The War and Treaty,Hey Driver,Zach Bryan,1772328191
Kendrick Lamar,i,To Pimp a Butterfly,1772327964
Kendrick Lamar,HUMBLE.,DAMN.,1772327733
Kendrick Lamar,HiiPoWeR,Section.80,1772327549
Kendrick Lamar,hey now,GNX,1772327268
Kendrick Lamar,gnx,GNX,1772326997
Kendrick Lamar,gloria,GNX,1772326804
J. Cole feat. Kendrick Lamar,Forbidden Fruit,Born Sinner (Deluxe Version),1772326516
Kendrick Lamar,Feel,DAMN.,1772317907
Kendrick Lamar,FEAR.,DAMN.,1772317684
Kendrick Lamar feat. Sampha,Father Time,Mr. Morale & the Big Steppers,1772317269
Baby Keem feat. Kendrick Lamar,family ties,The Melodic Blue,1772317047
Echosmith,Cool Kids,Talking Dreams,1772295063
The Neighbourhood,How,I Love You.,1772250510
The Neighbourhood,Baby Came Home 2 / Valentines,Wiped Out!,1772250239
The Neighbourhood,Heaven,Hard to Imagine the Neighbourhood Ever Changing,1772250021
Pierce the Veil,Karma Police,Karma Police,1772247121
Nothing More,DOWN THE RIVER,CARNAL (Deluxe),1772246939
Deftones,Entombed,Koi No Yokan,1772246615
Pierce the Veil,Stained Glass Eyes and Colorful Tears,Collide With the Sky,1772246391
Picturesque,Glass House,Do You Feel O.K?,1772246199
Treaty Oak Revival,Missed Call,No Vacancy,1772245950
Sleeping With Sirens,Break Me Down,How It Feels to Be Lost (Deluxe),1772229588
DEAD POET SOCIETY,.intoodeep.,-!- (deluxe),1772229369
AVOID,HEAT,The Burner - EP,1772229166
Pierce the Veil,The New National Anthem,Selfish Machines,1772228903
Pierce the Veil,"Damn the Man, Save the Empire",The Jaws of Life,1772228675
Pierce the Veil,Flawless Execution,The Jaws of Life,1772228450
Pierce the Veil,Bulletproof Love,Selfish Machines,1772184922
Pierce the Veil,A Match Into Water,Collide With the Sky,1772160522
Pierce the Veil feat. Jason Butler,Tangled in the Great Escape,Collide With the Sky,1772160187
Pierce the Veil,Emergency Contact,The Jaws of Life,1772159953
Pierce the Veil,I Don't Care If You're Contagious,Selfish Machines,1772159747
Pierce the Veil,Today I Saw the Whole World,Misadventures,1772159507
Pierce the Veil,So Far So Fake,The Jaws of Life,1772159279
Sleep Token,Vore,Take Me Back to Eden,1771986515
Sleep Token,Take Me Back to Eden,Take Me Back to Eden,1771986031
Sleep Token,Past Self,Even In Arcadia,1771985795
Sleep Token,Aqua Regia,Take Me Back to Eden,1771985567
Sleep Token,Caramel,Even In Arcadia,1771985277
XXXTENTACION,YuNg BrAtZ,Revenge,1771979852
Falling in Reverse,The Drug in Me Is You,The Drug In Me Is You,1771533036
Apocalyptica feat. Lzzy Hale,Talk To Me,Talk to Me (feat. Lzzy Hale) - single,1771532494
Mountain,Mississippi Queen,Climbing!,1771532330
Sleep Theory,Static,Afterglow,1771532128
The Neighbourhood,Mute,(((((ultraSOUND))))),1771531944
Jason Aldean,Big Green Tractor,Wide Open,1771531749
JID,151 Rum,DiCaprio 2,1771531599
Nick Jonas feat. Tove Lo,Close,Last Year Was Complicated,1771531371
Rain City Drive,Ride Or Die,Ride Or Die - Single,1771531134
Slaves,Cursed,To Better Days,1771530953
BRKN LOVE,Fever Dream,Black Box,1771530769
Denzel Curry,Ultimate,Ultimate - Single,1771530582
The Neighbourhood feat. Raury,Warm,#000000 & #FFFFFF,1771530234
Pierce The Veil feat. Kellin Quinn,King for a Day,Collide With the Sky,1771530000
Juice WRLD,H o r r i b l e,H o r r i b l e - Single,1771529839
Luke Christopher,Selfless,TMRWFRVR,1771529697
Tucker Wetmore,Wind Up Missin' You,Wind Up Missin' You,1771529544
All Time Low,Blinding Lights,Blinding Lights - Single,1771529357
Asking Alexandria,Hopelessly Hopeful,Asking Alexandria,1771529171
The Neighbourhood feat. G-Eazy,When I Get Back,#000000 & #FFFFFF,1771528961
AVOID,Over Now,Creature of Habit,1771528762
blackbear,do re mi,digital druglord,1771526338
Dance Gavin Dance,Cream of the Crop,Jackpot Juicer,1771526118
Ariana Grande,7 rings,"thank u, next",1771525950
Papa Roach,Kill The Noise,Ego Trip,1771525769
SZA feat. Travis Scott,Love Galore,Ctrl,1771525498
6LACK,Ex Calling,FREE 6LACK (Bonus Track Version),1771525290
Luke Combs,Beer Never Broke My Heart,The Prequel - EP,1771525086
The Neighbourhood,Prey,Wiped Out!,1771524813
Slaves,My Soul Is Empty And Full Of White Girls,Through Art We Are All Equals,1771524581
JID,Sistanem,The Forever Story,1771512453
JID feat. Bas / J. Cole / EARTHGANG / Young Nudy,Down Bad,Revenge of the Dreamers III,1771512287
JID,Bruuuh,Bruuh - Single,1771512165
JID,Workin Out,DiCaprio 2,1771511944
JID,Gz,God Does Like Ugly,1771509369
JID feat. Yasiin Bey,Stars,The Forever Story,1771509114
JID feat. J. Cole / Kenny Mason / Sheck Wes,Stick,D-Day: A Gangsta Grillz Mixtape,1771508812
JID,EdEddnEddy,The Never Story,1771508675
JID,K-Word (feaf. Pastor Troy),God Does Like Ugly,1771508386
JID feat. Ravyn Lenae / Eryn Allen Kane,Lauder Too,The Forever Story,1771508162
JID / EARTHGANG feat. Vince Staples,Up Up Away,Revenge Of The Dreamers III: Director's Cut,1771507968
Bas feat. JID / Guapdad 4000 / Reese LAFLARE / Jace / Mez / Smokepurpp / Buddy / Ski Mask the Slump God,Costa Rica,Revenge of the Dreamers III,1771507755
JID feat. 6LACK / Ella Mai,Tiiied,DiCaprio 2,1771507515
JID feat. Vince Staples,VCRs,God Does Like Ugly,1771507276
JID,Kody Blu 31,The Forever Story,1771507054
The Neighbourhood,Stupid Boy,(((((ultraSOUND))))),1771506739
The Neighbourhood,Middle of Somewhere,Middle of Somewhere - Single,1771506268
The Neighbourhood,Nervous,Hard to Imagine the Neighbourhood Ever Changing,1771505994
The Neighbourhood,Cry Baby,Wiped Out!,1771505758
The Neighbourhood,LoveBomb,(((((ultraSOUND))))),1771505560
The Neighbourhood,Compass,Hard to Imagine the Neighbourhood Ever Changing,1771505376
The Neighbourhood,Mama Drama,(((((ultraSOUND))))),1771505124
The Neighbourhood,Hell or High Water,Chip Chrome & The Mono-Tones,1771504989
The Neighbourhood,Ferrari,Wiped Out!,1771504809
Zach Bryan feat. Noah Kahan,Sarah's Place,Boys Of Faith - EP,1771504545
Zach Bryan,28,The Great American Bar Scene,1771470738
Zach Bryan,Nine Ball,Boys Of Faith - EP,1771470575
Zach Bryan feat. Kacey Musgraves,I Remember Everything,Zach Bryan,1771470356
Sleep Token,Caramel,Even In Arcadia,1771470050
Zach Bryan,Something in the Orange (Z&E's Version),American Heartbreak,1771469603
Bring Me the Horizon,Run,That's the Spirit,1771450238
Bring Me the Horizon,sugar honey ice & tea,amo,1771449975
Bring Me the Horizon feat. Nova Twins,1x1,POST HUMAN: SURVIVAL HORROR,1771449751
Bring Me the Horizon,sTraNgeRs,sTraNgeRs - Single,1771449462
Bring Me the Horizon feat. Rahzel,Heavy Metal,amo,1771449226
Bring Me the Horizon,Sleepwalking,Sempiternal (Expanded Edition),1771448939
Bring Me the Horizon,Happy Song,That's the Spirit,1771448434
Bring Me the Horizon,Kool-Aid,Kool-Aid,1771448207
Bring Me the Horizon,Blasphemy,That's the Spirit,1771447954
Bring Me the Horizon,DiE4u,DiE4u - Single,1771447752
Bring Me the Horizon,YOUTOPIA,POST HUMAN: NeX GEn,1771447510
Bring Me the Horizon,Shadow Moses,Sempiternal (Expanded Edition),1771447275
Bring Me the Horizon,True Friends,That's the Spirit,1771447048
Machine Gun Kelly feat. Bring Me The Horizon,maybe,mainstream sellout,1771446880
Bring Me the Horizon,Wonderwall - Spotify Singles,Spotify Singles,1771446644
Bring Me the Horizon,why you gotta kick me when i'm down?,amo,1771446385
Bring Me the Horizon,What You Need,That's the Spirit,1771446144
Bring Me the Horizon,LosT,LosT - Single,1771445939
YUNGBLUD / Oli Sykes / Bring Me The Horizon,Happier,Happier - Single,1771445740
Bring Me the Horizon,in the dark,amo,1771445471
Ed Sheeran feat. Bring Me The Horizon,Bad Habits,Bad Habits - Single,1771445224
Bring Me The Horizon feat. Dani Filth,wonderful life,amo,1771444952
Bring Me the Horizon,Can You Feel My Heart,Sempiternal (Expanded Edition),1771444730
Tom Morello feat. Bring Me the Horizon,Let's Get The Party Started,The Atlas Underground Fire,1771444521
Bring Me the Horizon,Drown,That's the Spirit,1771444303
Bring Me the Horizon,"Dear Diary,",POST HUMAN: SURVIVAL HORROR,1771443799
Bring Me The Horizon feat. YUNGBLUD,Obey,POST HUMAN: SURVIVAL HORROR,1771443490
Bring Me the Horizon,DIg It,POST HUMAN: NeX GEn,1771443125
Bring Me the Horizon,Parasite Eve,Parasite Eve - Single,1771442837
Bring Me The Horizon feat. Lil Uzi Vert / Daryl Palumbo / Glassjaw,AmEN!,AmEN! - Single,1771442651
Bring Me the Horizon,Teardrops,POST HUMAN: SURVIVAL HORROR,1771442437
Bring Me the Horizon,The House of Wolves,Sempiternal (Expanded Edition),1771439003
Bring Me the Horizon,Doomed,That's the Spirit,1771438734
Bring Me the Horizon,DArkSide,DArkSide - Single,1771438571
Bring Me the Horizon,Throne,That's the Spirit,1771438379
Bring Me the Horizon,What You Need,That's the Spirit,1771438136
Sleep Theory,Words Are Worthless,Afterglow,1771437925
Picturesque,Glass House,Do You Feel O.K?,1771437743
Nevertel,Some Things,Start Again,1771437532
Sleep Token,Mine,This Place Will Become Your Tomb,1771421429
Sleep Token,Euclid,Take Me Back to Eden,1771421131
Sleep Token,Higher,Sundowning (Deluxe),1771420819
Sleep Token,Past Self,Even In Arcadia,1771420610
Sleep Token,Fall For Me,This Place Will Become Your Tomb,1771420467
Sleep Token,Take Me Back to Eden,Take Me Back to Eden,1771419986
Sleep Token,Gods,Sundowning (Deluxe),1771419461
Sleep Token,Dangerous,Even In Arcadia,1771419232
Sleep Token,Descending,This Place Will Become Your Tomb,1771418969
Sleep Token,Vore,Take Me Back to Eden,1771418644
Sleep Token,Emergence,Even In Arcadia,1771418099
Pierce the Veil,Bulletproof Love,Selfish Machines,1771382320
Pierce the Veil,Disasterology,Selfish Machines,1771382117
Pierce the Veil,Million Dollar Houses (The Painter),Selfish Machines,1771381881
Pierce the Veil,Death of an Executioner,The Jaws of Life,1771373025
Jutes,It Takes Two,Dilworth,1771280149
A$AP Rocky,Lord Pretty Flacko Jodye 2 (LPFJ2),AT.LONG.LAST.A$AP,1771280022
Jutes,Kill or be Killed,Dilworth,1771279808
jxdn,Comatose,Comatose - Single,1771279658
GARZI / Memphis May Fire,GrowingUp,Much Better - Single,1771279453
Shameik Moore,Mhmm,Mhmm - Single,1771279343
Nothing But Thieves,Welcome to the DCC,Dead Club City,1771278869
Daughtry,NERVOUS,NERVOUS - Single,1771275520
KennyHoopla,how will i rest in peace if i'm buried by a highway?//,how will i rest in peace if i'm buried by a highway?// - EP,1771275313
Dance Gavin Dance,Cream of the Crop,Jackpot Juicer,1771275098
De'Wayne,lightweight,lightweight,1771274876
Hail The Sun,"Ow! (Splidao!) [I Like It, Though]",Elephantitis - EP,1771274126
Awaken I Am,Roses,Roses - Single,1771273855
Until i Wake,Self Medicated,Until I Wake - EP,1771273667
Bilmuri feat. Dylan Marlowe,EMPTYHANDED,AMERICAN MOTOR SPORTS (420CC EDITION),1771273519
Caskets,Drowned in Emotion,Lost Souls,1771273321
Caskets,Glass Heart,Lost Souls,1771273105
Bilmuri feat. Knox,2016 CAVALIERS (Ohio),AMERICAN MOTOR SPORTS (420CC EDITION),1771272893
Caskets,Lost in Echoes,Lost Souls,1771272686
Rise Against,Savior,Appeal to Reason,1771272449
Caskets,Falling Apart,Falling Apart - Single,1771272186
Teddy Swims,Lose Control,I've Tried Everything But Therapy (Part 1),1771271982
Fire from the Gods,Right Now,American Sun,1771271763
Dead Lakes,SMS Happiness,New Language - EP,1771271557
Line So Thin,Done With Everything,Done With Everything - Single,1771271334
Dayseeker,Crawl Back To My Coffin,Creature In The Black Night,1771271096
Dead Lakes,onyx drive,daydreamer,1771270892
Hands Like Houses,Colourblind,Dissonants,1771270678
Picturesque,Holding Me Down,Do You Feel O.K?,1771270476
Minute After Midnight,GHOST,Ghost - Single,1771270277
Speech Patterns,Didn't Need a Reason,Without A Sound,1771268299
Nevertel,Criminal,Start Again,1771268131
breakk.away,Outside,Outside,1771267934
Sleep Theory,Words Are Worthless,Afterglow,1771267725
Memphis May Fire,The Sinner,The Hollow,1771267490
Palisades,Memories,Palisades,1771267264
Picturesque,Glass House,Do You Feel O.K?,1771267080
Jutes,It Takes Two,Dilworth,1771266900
Versus Me,Give Me a Reason,Continuous,1771266669
Too Close to Touch,Burn,Burn - Single,1771266440
Dead Lakes,hold back,daydreamer,1771266254
Dayseeker,Soulburn,Creature In The Black Night,1771266076
Speech Patterns,Déjà Vu,Without A Sound,1771265845
Fame On Fire,Suicide (The Lovers),The Death Card,1771265639
ALESTI / Wind Walkers,Flawed Design,Flawed Design - Single,1771265443
I Prevail,Annihilate Me,Violent Nature,1771265244
Nevertel,Some Things,Start Again,1771265032
The Neighbourhood,Leaving Tonight,I'm Sorry... - EP,1771262413
The Neighbourhood,Noise,Hard to Imagine the Neighbourhood Ever Changing,1771262217
The Neighbourhood,1 Of Those Weaks,#000000 & #FFFFFF,1771262054
The Neighbourhood,Daisy Chain,(((((ultraSOUND))))),1771261856
The Neighbourhood,Paradise,Hard to Imagine the Neighbourhood Ever Changing,1771261648
The Neighbourhood,Staying Up,I Love You.,1771261388
The Neighbourhood,Cherry Flavoured,Chip Chrome & The Mono-Tones,1771261183
The Neighbourhood,Baby Came Home 2 / Valentines,Wiped Out!,1771255934
The Neighbourhood feat. G-Eazy,When I Get Back,#000000 & #FFFFFF,1771255726
The Neighbourhood,Dust,Hard to Imagine the Neighbourhood Ever Changing,1771255520
The Neighbourhood,Hula Girl,(((((ultraSOUND))))),1771255277
The Neighbourhood,Let It Go,"Thank You, - Single",1771255083
The Neighbourhood,Softcore,Hard to Imagine the Neighbourhood Ever Changing,1771254881
The Neighbourhood,To,#000000 & #FFFFFF,1771254739
The Neighbourhood feat. YG,Dangerous,#000000 & #FFFFFF,1771254509
The Neighbourhood,Rabbit,(((((ultraSOUND))))),1771254219
The Neighbourhood,How,I Love You.,1771253491
The Neighbourhood,Devil's Advocate,Chip Chrome & The Mono-Tones,1771253306
The Neighbourhood,No Grey,The Love Collection - Single,1771246542
The Neighbourhood,Heaven,Hard to Imagine the Neighbourhood Ever Changing,1771246337
The Neighbourhood,Zombie,(((((ultraSOUND))))),1771246144
The Neighbourhood,Wires,I'm Sorry... - EP,1771245964
The Neighbourhood,Blue,Hard to Imagine the Neighbourhood Ever Changing,1771245779
The Neighbourhood,Everybody's Watching Me (Uh Oh),I Love You.,1771245551
The Neighbourhood,Pretty Boy,Chip Chrome & The Mono-Tones,1771209379
The Neighbourhood,Tides,(((((ultraSOUND))))),1771209117
Picturesque,Glass House,Do You Feel O.K?,1771026759
I Prevail,Annihilate Me,Violent Nature,1771026560
Nevertel,Some Things,Start Again,1771026348
Too Close to Touch,Sympathy,Haven't Been Myself,1771026127
Sleep Theory,III,Afterglow,1771025950
Sleep Theory,It's Over,Paper Hearts - EP,1771025644
Daughtry,It's Not Over,Daughtry,1771025438
BROCKHAMPTON,GOLD,GOLD - Single,1771000640
Bring Me the Horizon,Throne,That's the Spirit,1771000449
J. Cole,No Role Modelz,2014 Forest Hills Drive,1771000141
The Neighbourhood,Mute,(((((ultraSOUND))))),1770999958
Emei,Late To The Party,Late To the Party - Single,1770999785
Tucker Wetmore,Wind Up Missin' You,Wind Up Missin' You,1770999633
Noah Kahan,Homesick,Stick Season,1770999445
Nothing More,WE’RE ALL GONNA DIE,CARNAL (Deluxe),1770999267
Tim Montana,Mostly Stoned,Mostly Stoned - Single,1770999070
Arctic Monkeys,Why'd You Only Call Me When You're High?,AM,1770998915
AshleyJohnson,Can You,Can You,1770998709
Mother Mother,The Matrix,The Matrix (Sped Up),1770998511
Bad Omens,Like a Villain,THE DEATH OF PEACE OF MIND,1770998308
21 Savage,Immortal,Immortal - Single,1770998062
Bring Me the Horizon,Avalanche,That's the Spirit,1770997808
Sleep Token,Emergence,Even In Arcadia,1770997443
Slaves,My Soul Is Empty And Full Of White Girls,Through Art We Are All Equals,1770997210
The Neighbourhood,Reflections,Hard to Imagine the Neighbourhood Ever Changing,1770949845
The Neighbourhood,Pretty Boy,Chip Chrome & The Mono-Tones,1770949590
The Neighbourhood,Female Robbery,I Love You.,1770949394
The Neighbourhood,Middle of Somewhere,Middle of Somewhere - Single,1770949232
Zach Bryan,Nine Ball,Boys Of Faith - EP,1770948996
Zach Bryan,28,The Great American Bar Scene,1770948764
Zach Bryan,Something in the Orange (Z&E's Version),American Heartbreak,1770948523
Sleep Token,The Apparition,Take Me Back to Eden,1770931954
Sleep Token,Provider,Even In Arcadia,1770931582
Sleep Token,Caramel,Even In Arcadia,1770931264
Sleep Token,Damocles,Even In Arcadia,1770930999
Sleep Token,Aqua Regia,Take Me Back to Eden,1770930765
The Neighbourhood,Ferrari,Wiped Out!,1770919049
The Neighbourhood,Tobacco Sunburst,Chip Chrome & The Mono-Tones,1770918779
The Neighbourhood,No Grey,The Love Collection - Single,1770918580
The Neighbourhood feat. Nipsey Hussle,Livin' In a Dream,Hard to Imagine the Neighbourhood Ever Changing,1770918385
The Neighbourhood,Float,I Love You.,1770918135
The Neighbourhood feat. Casey Veggies / 100s,Jealousy,#000000 & #FFFFFF,1770916271
The Neighbourhood,Lil Ol Me,(((((ultraSOUND))))),1770916068
The Neighbourhood,Honest,The Amazing Spider-Man 2 (The Original Motion Picture Soundtrack),1770915839
The Neighbourhood feat. Ghostface Killah,Beat Take 1,Hard to Imagine the Neighbourhood Ever Changing,1770915631
The Neighbourhood,The Beach,Wiped Out!,1770915411
The Neighbourhood,Hell or High Water,Chip Chrome & The Mono-Tones,1770915276
The Neighbourhood,Lurk,#000000 & #FFFFFF,1770915069
The Neighbourhood,Private,(((((ultraSOUND))))),1770914848
The Neighbourhood,Cry Baby,Wiped Out!,1770914618
The Neighbourhood,Blue,Hard to Imagine the Neighbourhood Ever Changing,1770914431
The Neighbourhood,Yellow Box,DEATH STRANDING: Timefall (Original Music from the World of Death Stranding),1770914209
The Neighbourhood,Staying Up,I Love You.,1770906028
The Neighbourhood,Sadderdaze,Hard to Imagine the Neighbourhood Ever Changing,1770905789
The Neighbourhood,Silver,#000000 & #FFFFFF,1770905566
The Neighbourhood,Holy Ghost,(((((ultraSOUND))))),1770905306
The Neighbourhood,Cry Baby,Wiped Out!,1770905074
The Neighbourhood,Lost in Translation,Chip Chrome & The Mono-Tones,1770904884
The Neighbourhood,Wiped Out!,Wiped Out!,1770901549
The Neighbourhood,Devil's Advocate,Chip Chrome & The Mono-Tones,1770901109
The Neighbourhood,To,#000000 & #FFFFFF,1770900922
The Neighbourhood,Zombie,(((((ultraSOUND))))),1770900736
The Neighbourhood,Scary Love,Hard to Imagine the Neighbourhood Ever Changing,1770900497
The Neighbourhood feat. Raury,Warm,#000000 & #FFFFFF,1770900133
The Neighbourhood,Tides,(((((ultraSOUND))))),1770899884
The Neighbourhood,Flowers,Hard to Imagine the Neighbourhood Ever Changing,1770899641
Zach Bryan,Pink Skies,Pink Skies,1770865320
Zach Bryan feat. Noah Kahan,Sarah's Place,Boys Of Faith - EP,1770865113
Zach Bryan feat. The War and Treaty,Hey Driver,Zach Bryan,1770864895
Sleep Token,Even in Arcadia,Even In Arcadia,1770845066
Sleep Token,Granite,Take Me Back to Eden,1770844825
Sleep Token,Give,Sundowning (Deluxe),1770844556
Awaken I Am,Roses,Roses - Single,1770832444
Until i Wake,Self Medicated,Until I Wake - EP,1770829082
Bilmuri feat. Dylan Marlowe,EMPTYHANDED,AMERICAN MOTOR SPORTS (420CC EDITION),1770828934
Caskets,Drowned in Emotion,Lost Souls,1770828736
Caskets,Glass Heart,Lost Souls,1770828520
Bilmuri feat. Knox,2016 CAVALIERS (Ohio),AMERICAN MOTOR SPORTS (420CC EDITION),1770828308
Caskets,Lost in Echoes,Lost Souls,1770828101
Rise Against,Savior,Appeal to Reason,1770827864
Caskets,Falling Apart,Falling Apart - Single,1770827602
Teddy Swims,Lose Control,I've Tried Everything But Therapy (Part 1),1770827395
Fire from the Gods,Right Now,American Sun,1770827176
Dead Lakes,SMS Happiness,New Language - EP,1770826944
Dayseeker,Crawl Back To My Coffin,Creature In The Black Night,1770826663
Dead Lakes,onyx drive,daydreamer,1770826459
Hands Like Houses,Colourblind,Dissonants,1770825947
Picturesque,Holding Me Down,Do You Feel O.K?,1770825744
Minute After Midnight,GHOST,Ghost - Single,1770822655
Speech Patterns,Didn't Need a Reason,Without A Sound,1770822387
Nevertel,Criminal,Start Again,1770822220
breakk.away,Outside,Outside,1770822022
Sleep Theory,Words Are Worthless,Afterglow,1770821813
Memphis May Fire,The Sinner,The Hollow,1770821579
Palisades,Memories,Palisades,1770821353
Picturesque,Glass House,Do You Feel O.K?,1770821169
Jutes,It Takes Two,Dilworth,1770820989
Versus Me,Give Me a Reason,Continuous,1770820730
Too Close to Touch,Burn,Burn - Single,1770820500
Dead Lakes,hold back,daydreamer,1770820315
Dayseeker,Soulburn,Creature In The Black Night,1770820137
Speech Patterns,Déjà Vu,Without A Sound,1770819906
Fame On Fire,Suicide (The Lovers),The Death Card,1770819699
ALESTI / Wind Walkers,Flawed Design,Flawed Design - Single,1770819504
I Prevail,Annihilate Me,Violent Nature,1770819304
Nevertel,Some Things,Start Again,1770819084
Rain City Drive,Dying For,Rain City Drive (Deluxe Edition),1770818881
Rain City Drive,Blood Runs Cold,Rain City Drive (Deluxe Edition),1770818696
